pair_id,topic,condition,text,target_words,n_words,p_original,p_unbiased,share_original,share_unbiased,rho,top1_agree,top3_overlap,lime_fidelity
1,football fans,promote,Those fans are disgusting idiots and should be banned.,disgusting idiots,9,0.9829100966453552,0.9967893958091736,0.9240648873796403,0.7430600912034887,0.8499999999999999,True,0.6666666666666666,0.810248419158094
1,football fans,report,The club condemned a post calling its fans disgusting idiots who should be banned.,disgusting idiots,14,0.7900638580322266,0.9946434497833252,0.944348086335674,0.6760653534549819,0.8945054945054945,True,0.6666666666666666,0.9556631184830682
1,football fans,counter,Calling the fans disgusting idiots is unfair and wrong.,disgusting idiots,9,0.8575806021690369,0.9928790926933289,1.0,0.9548518809349096,0.8499999999999999,True,1.0,0.9600228567329093
2,immigrants,promote,Immigrants are worthless and we hate them here.,worthless hate,8,0.9623191356658936,0.9874657988548279,0.7574051651484132,0.7195981517196642,0.6666666666666669,False,0.6666666666666666,0.8118964655307713
2,immigrants,report,Police are investigating leaflets claiming immigrants are worthless.,worthless,8,0.019706370308995247,0.7280138731002808,0.7850473464899246,0.6077144267682125,0.6785714285714287,True,0.6666666666666666,0.5326591427973584
2,immigrants,counter,"Nobody is worthless, and saying immigrants are is hateful.",worthless hateful,9,0.4784972071647644,0.7839268445968628,0.8306156275540675,0.802266680044394,0.8571428571428572,True,0.6666666666666666,0.7785439585591245
3,politicians,promote,Politicians are lying scumbags who should all be thrown out.,lying scumbags,10,0.9701884984970093,0.9970446228981018,0.7856412397303443,0.6633050288127869,0.8909090909090909,True,1.0,0.9829028701505751
3,politicians,report,A survey found many voters describe politicians as lying scumbags.,lying scumbags,10,0.6903050541877747,0.9908133149147034,0.9891806559995695,0.9181445301178579,0.9151515151515152,True,0.6666666666666666,0.9794559230384092
3,politicians,counter,It is lazy and unfair to call all politicians lying scumbags.,lying scumbags,11,0.8802928328514099,0.9932703375816345,0.6881917489188545,0.6522726590320898,0.9454545454545454,True,1.0,0.9731013355990203
4,vegans,promote,Vegans are annoying freaks and nobody likes them.,annoying freaks,8,0.9428602457046509,0.8559555411338806,0.5544789036810619,0.5041596960001373,0.7857142857142858,True,0.6666666666666666,0.8872892236068738
4,vegans,report,The article quoted a comment calling vegans annoying freaks.,annoying freaks,9,0.23412732779979706,0.6200214624404907,0.8803927716650292,0.6788420458297524,0.9500000000000001,True,1.0,0.8251305568199832
4,vegans,counter,"Vegans are not annoying freaks, they just eat differently.",annoying freaks,9,0.20281977951526642,0.3037937581539154,0.6295125418984678,0.5937825166502324,0.9,True,0.6666666666666666,0.8266542924389866
5,teenagers,promote,Teenagers are useless brats who ruin everything.,useless brats,7,0.9789638519287109,0.9942955374717712,0.47524862604433316,0.7376272839316359,0.8928571428571429,True,0.6666666666666666,0.7339840290673671
5,teenagers,report,The headteacher criticised an advert that called teenagers useless brats.,useless brats,10,0.3590591251850128,0.9788778424263,0.6184635678994064,0.9493142367610385,0.9272727272727272,True,1.0,0.8506140113687896
5,teenagers,counter,Teenagers are not useless brats and deserve respect.,useless brats,8,0.28703993558883667,0.9357584118843079,0.4831102052727053,0.8354460773915553,0.9761904761904763,True,0.6666666666666666,0.8196572337849564
6,neighbours,promote,My neighbours are filthy pigs and I hate them.,filthy pigs hate,9,0.9912142157554626,0.9965657591819763,0.8710637375291072,0.874423722192779,0.7833333333333333,True,1.0,0.5970148817604234
6,neighbours,report,The court heard the defendant called his neighbours filthy pigs.,filthy pigs,10,0.717541515827179,0.975346028804779,0.9972985430704033,0.9563994435463073,0.7333333333333334,True,1.0,0.9267668273009251
6,neighbours,counter,It was cruel of him to call his neighbours filthy pigs.,filthy pigs,11,0.9363513588905334,0.9875975251197815,0.7159988103210962,0.8798098700300355,0.7818181818181819,True,1.0,0.7587193634251488
7,refugees,promote,Refugees are parasites draining our country.,parasites,6,0.01448753010481596,0.9194998145103455,0.5480158902290804,0.6694342098192455,0.7714285714285715,True,1.0,0.48066673238248425
7,refugees,report,The report documents politicians describing refugees as parasites.,parasites,8,0.000912130402866751,0.8846856355667114,0.7746511544500124,0.9207637427761043,0.9523809523809524,True,1.0,0.22931333524192266
7,refugees,counter,"Refugees are not parasites, and that language dehumanises people.",parasites,9,0.008520836941897869,0.3555240035057068,0.2258966789256499,0.6166301808707595,0.9500000000000001,False,1.0,0.5245001187921512
8,women,promote,Women are too stupid to drive.,stupid,6,0.9894595146179199,0.9891558289527893,0.5846016468450927,0.8822956634606426,0.8285714285714287,True,1.0,0.7322249555415905
8,women,report,Researchers studied online comments claiming women are too stupid to drive.,stupid,11,0.7880346179008484,0.9816755652427673,0.6320611558699812,0.8593781357920588,0.8363636363636365,True,1.0,0.9114741427866844
8,women,counter,The idea that women are too stupid to drive is simply false.,stupid,12,0.9431532621383667,0.983079195022583,0.5719685784102421,0.8148858154064095,0.8601398601398602,True,1.0,0.9554636335821818
9,poor people,promote,Poor people are lazy losers who deserve nothing.,lazy losers,8,0.9751881957054138,0.9898800849914551,0.5378409076213785,0.8078902571392305,0.9761904761904763,True,1.0,0.5294667314205224
9,poor people,report,The charity condemned a tweet calling poor people lazy losers.,lazy losers,10,0.3506179451942444,0.9403931498527527,0.7884210267889976,0.7993194813876184,0.9393939393939393,True,0.6666666666666666,0.88914842520517
9,poor people,counter,"Poor people are not lazy losers, and that stereotype hurts.",lazy losers,10,0.6831885576248169,0.6303623914718628,0.5347870160750763,0.8029686205417396,0.9393939393939393,True,0.6666666666666666,0.8779948154393867
10,referee,promote,That referee is a pathetic moron.,pathetic moron,6,0.9773812294006348,0.995909571647644,0.9645944410670876,0.9483205703134,0.8857142857142858,False,0.6666666666666666,0.6358733607262945
10,referee,report,Fans were fined for chanting that the referee is a pathetic moron.,pathetic moron,12,0.9090788960456848,0.9953303337097168,0.949249719615655,0.9636950316489794,0.6433566433566434,False,0.6666666666666666,0.8010734053868918
10,referee,counter,Shouting that the referee is a pathetic moron is unacceptable.,pathetic moron,10,0.8284050226211548,0.995563268661499,0.996164111589682,0.8709770815371985,0.7833333333333333,False,1.0,0.8800385564753332
11,gamers,promote,Gamers are smelly idiots.,smelly idiots,4,0.9864749312400818,0.9966183304786682,0.9308824403847682,0.8811281507602657,0.7999999999999999,True,0.6666666666666666,0.5578310479804349
11,gamers,report,A columnist was criticised for writing that gamers are smelly idiots.,smelly idiots,11,0.9193639159202576,0.9947096109390259,0.911658509875587,0.9396774564311233,0.6818181818181819,True,0.6666666666666666,0.7785951177435491
11,gamers,counter,"Gamers are not smelly idiots, that is a lazy insult.",smelly idiots,10,0.9318491816520691,0.9862067103385925,0.728415260458706,0.8278878196746704,0.8787878787878788,True,1.0,0.7490384409968467
12,tourists,promote,Tourists are disgusting and should stay away.,disgusting,7,0.8569493889808655,0.9873272776603699,0.7994959675322346,0.6250373820874626,0.9642857142857145,True,1.0,0.9865268435074376
12,tourists,report,"Locals put up signs saying tourists are disgusting, the paper reported.",disgusting,11,0.06973029673099518,0.6324687600135803,0.7885761684882442,0.7249171762353381,0.7272727272727273,True,0.6666666666666666,0.6282438562544748
12,tourists,counter,It is wrong to say tourists are disgusting.,disgusting,8,0.5789726972579956,0.6615245342254639,0.8241010187976953,0.8361460819193887,0.4523809523809524,True,0.6666666666666666,0.8787512179796227
13,cyclists,promote,Cyclists are arrogant idiots and should be banned from roads.,arrogant idiots,10,0.9838923215866089,0.9957839846611023,0.8985509728360861,0.6798080637086116,0.9030303030303028,True,1.0,0.8300734771361669
13,cyclists,report,The council received complaints calling cyclists arrogant idiots.,arrogant idiots,8,0.752056360244751,0.9932093024253845,1.0,0.9584286280991305,0.8095238095238096,True,1.0,0.9775836577350882
13,cyclists,counter,"Cyclists are not arrogant idiots, most ride safely.",arrogant idiots,8,0.8708600997924805,0.9896118640899658,0.8961480739686517,0.928691755095607,0.9761904761904763,True,1.0,0.9270325406171875
14,students,promote,Students are lazy scroungers.,lazy scroungers,4,0.8211686611175537,0.6591829061508179,0.8608698193429684,0.8791161875322576,0.7999999999999999,True,1.0,0.9598364029262397
14,students,report,A headline describing students as lazy scroungers sparked complaints.,lazy scroungers,9,0.14733213186264038,0.14903083443641663,1.0,0.9005403944332244,0.9833333333333333,True,0.6666666666666666,0.6486990109137987
14,students,counter,"Students are not lazy scroungers, many work two jobs.",lazy scroungers,9,0.11917838454246521,0.026858022436499596,0.6607857414697159,0.8852910306953681,1.0,True,1.0,0.7390493649237937
15,rural people,promote,Rural people are dumb hicks.,dumb hicks,5,0.8555847406387329,0.9933195114135742,0.9061681863013497,0.9259580914847724,0.8999999999999998,True,1.0,0.9850995189447913
15,rural people,report,The study found online posts calling rural people dumb hicks.,dumb hicks,10,0.1778734028339386,0.9534059166908264,1.0,0.9841735214391217,0.7696969696969697,True,0.6666666666666666,0.8035071795849279
15,rural people,counter,"Rural people are not dumb hicks, that is a nasty stereotype.",dumb hicks,11,0.4034755527973175,0.8729009628295898,0.6360027991203281,0.698647256119765,0.9,True,1.0,0.8376990611110435
16,older people,promote,Old people are useless and a burden.,useless burden,7,0.7694920897483826,0.9885661005973816,0.6211500009607663,0.7184505786025003,0.8214285714285715,True,1.0,0.878149466038616
16,older people,report,The charity reported that older people are often told they are useless and a burden.,useless burden,15,0.01938040181994438,0.6843810677528381,0.8625947098907595,0.8560434536733497,0.8373626373626375,True,0.6666666666666666,0.45576772740475524
16,older people,counter,Old people are not useless or a burden.,useless burden,8,0.11392222344875336,0.40316975116729736,0.5637685758583311,0.8067142484590518,0.9285714285714287,True,1.0,0.7106856077785848
