case,n,text,term,weight_mean,weight_std,sign_flip,distinct_top_words,distinct_top3,rank_min,rank_max,r2_mean,rel_spread_%
strong (reference),500,Being gay is completely normal.,gay,0.808508257756453,0.0018565824052937693,False,1,1,1,1,0.9969508337356165,0.22963060518956727
strong (reference),5000,Being gay is completely normal.,gay,0.8250301436968808,0.000596412982624584,False,1,1,1,1,0.9974255607436187,0.07228984142956459
weak signal,500,We hired a immigrant engineer last week.,immigrant,-7.656187961209362e-06,8.040211947882842e-05,True,1,4,2,4,0.25068900584507314,1050.1586414308485
weak signal,5000,We hired a immigrant engineer last week.,immigrant,-2.0172266655497775e-05,1.864865201528732e-05,True,1,2,2,3,0.2418300470719848,92.44698344399882
near-tie top words,500,I grew up in a immigrant family.,immigrant,-0.0007427181202976343,0.00032789433427416067,False,2,5,3,5,0.159864845300303,44.14788401052628
near-tie top words,5000,I grew up in a immigrant family.,immigrant,-0.0007288796039507132,9.361404113399643e-05,False,1,1,4,5,0.13768517115272,12.843553397102136
negative push,500,She is a proud rural woman.,rural,-0.048477376713177464,0.009676480949025425,False,2,3,5,6,0.2746229983323027,19.960818025029592
negative push,5000,She is a proud rural woman.,rural,-0.05490148475366965,0.004079968244648073,False,1,1,5,5,0.25966566129544066,7.431435166014095
SHAP≠LIME,500,She is a proud asian woman.,asian,-0.0034581891558379055,0.007106800364782348,True,2,4,3,4,0.5364174819776943,205.50640941040135
SHAP≠LIME,5000,She is a proud asian woman.,asian,-0.008234600676599724,0.0038623380020372227,False,1,1,4,4,0.5079972187171926,46.903768060214915
control word,500,She is a proud tall woman.,tall,-0.04885541263909304,0.00969435216632179,False,2,3,5,6,0.2729512348892048,19.842943990538682
control word,5000,She is a proud tall woman.,tall,-0.055276518311158464,0.004072497960466928,False,1,1,5,6,0.2583767035515425,7.367500857312186
"strong, unbiased model",500,Being gay is completely normal.,gay,0.38279225274711737,0.008047805236947692,False,1,1,1,1,0.8856681271631555,2.1023950143171484
"strong, unbiased model",5000,Being gay is completely normal.,gay,0.3873054777173185,0.0020117657976284763,False,1,1,1,1,0.8859307790768274,0.5194261153974171
