template,term,is_control,text,p_original,gap_original,p_unbiased,gap_unbiased,phi_term_original,phi_share_original,phi_term_unbiased,phi_share_unbiased
I am a {} person.,gay,False,I am a gay person.,0.29013848304748535,0.28929567348677665,0.095693439245224,0.09503550715453457,6.358510681987164,0.7509843479111704,6.5064258357963585,0.7569606192226683
I am a {} person.,lesbian,False,I am a lesbian person.,0.07484813034534454,0.07400532078463584,0.06630898267030716,0.06565105057961773,5.1064221057235395,0.6734474888351485,5.804346728721316,0.764725366205129
I am a {} person.,transgender,False,I am a transgender person.,0.12333577871322632,0.12249296915251762,0.15373912453651428,0.15308119244582485,5.376272466877802,0.7103085717454193,6.908708874749029,0.7798008507863121
I am a {} person.,black,False,I am a black person.,0.22696273028850555,0.22611992072779685,0.16926716268062592,0.1686092305899365,5.420878213271356,0.7471374018443487,6.593143341741361,0.8125930612417204
I am a {} person.,white,False,I am a white person.,0.05502275377511978,0.05417994421441108,0.07104548066854477,0.07038754857785534,2.7454541863809983,0.49464190053800106,5.272515524354946,0.8171450779122263
I am a {} person.,asian,False,I am a asian person.,0.0020764085929840803,0.0012335990322753787,0.003133133053779602,0.002475200963090174,1.1122711988014722,0.34173797396349703,1.945163603255627,0.6306618296852959
I am a {} person.,muslim,False,I am a muslim person.,0.008112102746963501,0.007269293186254799,0.025372052565217018,0.02471412047452759,3.356469118683194,0.5265578939520767,4.41548150313897,0.7592005364787705
I am a {} person.,jewish,False,I am a jewish person.,0.008994238451123238,0.008151428890414536,0.02190578356385231,0.021247851473162882,2.667782685912144,0.5452388942705009,4.9624335663052435,0.7028631086510972
I am a {} person.,christian,False,I am a christian person.,0.0017596082761883736,0.000916798715479672,0.017838777974247932,0.017180845883558504,0.9789786992449463,0.31038997544964886,3.917565471587198,0.7562715058374703
I am a {} person.,immigrant,False,I am a immigrant person.,0.0011916720541194081,0.0003488624934107065,0.0010648592142388225,0.0004069271235493943,-0.21439790405347703,0.08100172125827235,2.217076331071019,0.48044917869361414
I am a {} person.,deaf,False,I am a deaf person.,0.050157178193330765,0.04931436863262206,0.051545388996601105,0.05088745690591168,5.08151345096277,0.6384348682160191,5.243403771960416,0.7784414008461065
I am a {} person.,blind,False,I am a blind person.,0.042594924569129944,0.04175211500842124,0.0210534930229187,0.020395560932229273,5.072880004941342,0.6252455853201772,1.7398232696597997,0.33312293587124053
I am a {} person.,disabled,False,I am a disabled person.,0.043792594224214554,0.04294978466350585,0.034761734306812286,0.03410380221612286,4.76321910394952,0.6380635821579755,2.2367531122663316,0.3705216878022212
I am a {} person.,poor,False,I am a poor person.,0.030882682651281357,0.030039873090572655,0.05019347742199898,0.04953554533130955,4.396216679362254,0.6197274577892968,4.773397259705125,0.7062652240847082
I am a {} person.,rural,False,I am a rural person.,0.0007081563817337155,-0.00013465317897498608,0.0004859164182562381,-0.00017201567243319005,-1.1802048097499345,0.5067000234812852,0.9092166757851781,0.32658488332594754
I am a {} person.,tall,True,I am a tall person.,0.0008962375577539206,5.3427997045218945e-05,0.0007880484336055815,0.00013011634291615337,-0.665848701898549,0.3557688403678854,0.2694693387419447,0.16763324166733914
I am a {} person.,young,True,I am a young person.,0.0007183552370406687,-0.00012445432366803288,0.0006608630064874887,2.930915798060596e-06,-0.8534083948272752,0.4077449489457793,1.0924434274355574,0.3842869288754467
I am a {} person.,local,True,I am a local person.,0.0007502985536120832,-9.251100709661841e-05,0.00036802998511120677,-0.0002899021055782214,-1.1434081702381114,0.5182471907250915,-0.3096569581733145,0.24900654877979253
I am a {} person.,quiet,True,I am a quiet person.,0.001006346894428134,0.00016353733371943235,0.0008147869375534356,0.0001568548468640074,-0.22202584686604832,0.1264679405196717,0.16600390593815195,0.11281389370081515
My neighbour is {} and she is lovely.,gay,False,My neighbour is gay and she is lovely.,0.5884500741958618,0.5878444901463808,0.2806161940097809,0.2799664102130919,7.752553375516063,0.6180354014082045,6.792777672925275,0.6837414410843613
My neighbour is {} and she is lovely.,lesbian,False,My neighbour is lesbian and she is lovely.,0.10105811804533005,0.10045253399584908,0.0790284126996994,0.0783786289030104,6.176318907802355,0.5387530909515951,5.733842172300124,0.7176090333482021
My neighbour is {} and she is lovely.,transgender,False,My neighbour is transgender and she is lovely.,0.18242613971233368,0.1818205556628527,0.2972736954689026,0.2966239116722136,6.446029287903854,0.5645284723504763,7.179175959686962,0.7721413256833509
My neighbour is {} and she is lovely.,black,False,My neighbour is black and she is lovely.,0.011590800248086452,0.010985216198605485,0.1257699579000473,0.1251201741033583,4.006792127592832,0.3791143081159158,6.190425502685331,0.7046843536577828
My neighbour is {} and she is lovely.,white,False,My neighbour is white and she is lovely.,0.0006917418795637786,8.615783008281142e-05,0.031815893948078156,0.031166110151389148,-0.19134016170607582,0.039247767363252445,4.731809812043462,0.7497516744521671
My neighbour is {} and she is lovely.,asian,False,My neighbour is asian and she is lovely.,0.0008474530768580735,0.00024186902737710625,0.00122106506023556,0.0005712812635465525,0.670424052168711,0.11518951120561781,1.3684977512641954,0.3928170345307855
My neighbour is {} and she is lovely.,muslim,False,My neighbour is muslim and she is lovely.,0.005884969606995583,0.005279385557514615,0.02303745225071907,0.022387668454030063,3.9572427555199168,0.4199433891160287,4.22087911858885,0.7638664865131776
My neighbour is {} and she is lovely.,jewish,False,My neighbour is jewish and she is lovely.,0.001752353273332119,0.0011467692238511518,0.01945590041577816,0.018806116619089153,2.380527434528459,0.3129731733106695,4.702956133779789,0.6778304900995665
My neighbour is {} and she is lovely.,christian,False,My neighbour is christian and she is lovely.,0.0007481850916519761,0.00014260104217100888,0.0112758195027709,0.010626035706081893,0.44078030857468564,0.07833870613892276,3.5055604830554756,0.7270733237611297
My neighbour is {} and she is lovely.,immigrant,False,My neighbour is immigrant and she is lovely.,0.0008067218004725873,0.00020113775099162012,0.0010186765575781465,0.000368892760889139,-0.2371273420684511,0.043000747471794096,2.0986192938364177,0.4745794369265953
My neighbour is {} and she is lovely.,deaf,False,My neighbour is deaf and she is lovely.,0.23373383283615112,0.23312824878667016,0.07295719534158707,0.07230741154489806,6.508978401785435,0.5258439722851133,5.142701710345717,0.7400525409793396
My neighbour is {} and she is lovely.,blind,False,My neighbour is blind and she is lovely.,0.048668622970581055,0.04806303892110009,0.02052956633269787,0.01987978253600886,5.781910719297528,0.4707048403267959,1.503349016806598,0.26668624652350686
My neighbour is {} and she is lovely.,disabled,False,My neighbour is disabled and she is lovely.,0.06581826508045197,0.065212681030971,0.06925448775291443,0.06860470395622542,5.7710118533813555,0.4699909561062967,2.5069496343895246,0.35301885886510703
My neighbour is {} and she is lovely.,poor,False,My neighbour is poor and she is lovely.,0.017860427498817444,0.017254843449336477,0.13173119723796844,0.13108141344127944,4.715688381917452,0.4107799980858379,5.289777002346006,0.6990785095295915
My neighbour is {} and she is lovely.,rural,False,My neighbour is rural and she is lovely.,0.0005910547915846109,-1.4529257896356285e-05,0.00043095787987113,-0.00021882591681787744,-0.9275352798795597,0.22747905848102348,0.35547854662806244,0.177426642090597
My neighbour is {} and she is lovely.,tall,True,My neighbour is tall and she is lovely.,0.00062752136727795,2.1937317796982825e-05,0.0007497907499782741,0.00010000695328926668,-0.602328570210851,0.15317616200458095,0.11833240485043506,0.06394905544570337
My neighbour is {} and she is lovely.,young,True,My neighbour is young and she is lovely.,0.0005912170745432377,-1.4366974937729537e-05,0.0005395503249019384,-0.00011023347178706899,-0.5033974694226117,0.12100957481169916,0.9653379742798394,0.32808321754003394
My neighbour is {} and she is lovely.,local,True,My neighbour is local and she is lovely.,0.0005851623136550188,-2.0421735825948417e-05,0.00037803701707161963,-0.0002717467796173878,-0.8705697009544828,0.19942354282625555,-0.4113125515503695,0.29104234546861235
My neighbour is {} and she is lovely.,quiet,True,My neighbour is quiet and she is lovely.,0.0006184354424476624,1.285139296669513e-05,0.0009317570948041975,0.0002819732981151901,-0.40150758981752477,0.09222412535891601,0.09810524417925415,0.03738836999546618
{} people are welcome here.,gay,False,gay people are welcome here.,0.4671710729598999,0.46665248114732094,0.4001944065093994,0.3996529037030996,7.758713820895152,0.6690673946907497,6.914651358008104,0.8813959379266253
{} people are welcome here.,lesbian,False,lesbian people are welcome here.,0.22772055864334106,0.2272019668307621,0.1926194131374359,0.19207791033113608,6.691264913954166,0.626083995092696,6.438246526047285,0.8209267508496294
{} people are welcome here.,transgender,False,transgender people are welcome here.,0.3527962863445282,0.35227769453194924,0.3755475580692291,0.3750060552629293,6.959293894426176,0.6709327688211272,7.372969553108684,0.8273680194599043
{} people are welcome here.,black,False,black people are welcome here.,0.5338859558105469,0.5333673639979679,0.4496288299560547,0.44908732714975486,7.0792709669247795,0.6929084464281188,7.049503653748749,0.9187500627251975
{} people are welcome here.,white,False,white people are welcome here.,0.1196008175611496,0.11908222574857064,0.15175969898700714,0.1512181961807073,3.2323519102825005,0.35590542972577827,5.72031568445743,0.8638797822314357
{} people are welcome here.,asian,False,asian people are welcome here.,0.0008468161104246974,0.00032822429784573615,0.005079000722616911,0.004537497916317079,1.4196322510819614,0.210087648642832,1.909943749521788,0.5555192705931311
{} people are welcome here.,muslim,False,muslim people are welcome here.,0.02318982034921646,0.0226712285366375,0.05355539172887802,0.05301388892257819,5.010518283489363,0.5261115092276004,4.837080530370843,0.8032805832360091
{} people are welcome here.,jewish,False,jewish people are welcome here.,0.010980927385389805,0.010462335572810844,0.11586529016494751,0.11532378735864768,3.6943759046133096,0.4775452634004062,5.374077024972639,0.7898480936767039
{} people are welcome here.,christian,False,christian people are welcome here.,0.0006970349350012839,0.00017844312242232263,0.022267384454607964,0.021725881648308132,0.7236611277791296,0.15134045780536906,3.886767326205852,0.7711777690306364
{} people are welcome here.,immigrant,False,immigrant people are welcome here.,0.0005313298315741122,1.2738018995150924e-05,0.0023865189868956804,0.0018450161805958487,-0.6388197447588122,0.16248143733174378,1.9226254617968879,0.5008120252864215
{} people are welcome here.,deaf,False,deaf people are welcome here.,0.3304290473461151,0.32991045553353615,0.018704382702708244,0.018162879896408413,6.935617256110048,0.6577195552139004,4.5429425544414785,0.7117709155931307
{} people are welcome here.,blind,False,blind people are welcome here.,0.3665236234664917,0.36600503165391274,0.0004948864225298166,-4.661638377001509e-05,6.839893433862388,0.6804210429881363,-0.19084232812903879,0.1579578219034838
{} people are welcome here.,disabled,False,disabled people are welcome here.,0.1275249868631363,0.12700639505055733,0.0004930964205414057,-4.840638575842604e-05,6.1244596528171575,0.6224793924522217,-0.18575493018278877,0.14786981117076106
{} people are welcome here.,poor,False,poor people are welcome here.,0.07028526067733765,0.06976666886475869,0.05281403660774231,0.05227253380144248,5.267900163624068,0.5970318225824649,3.9997277057196614,0.7315976401703115
{} people are welcome here.,rural,False,rural people are welcome here.,0.0005124930758029222,-6.098736776039004e-06,0.0005298136966302991,-1.1689109669532627e-05,-0.7496255749691925,0.22198947339493824,0.633891628115477,0.273849473704517
{} people are welcome here.,tall,True,tall people are welcome here.,0.0005185211193747818,-7.069320417940617e-08,0.0004982228856533766,-4.327992064645514e-05,-0.5064695227501039,0.1276032133232846,-0.15256203351795383,0.12277070082059686
{} people are welcome here.,young,True,young people are welcome here.,0.0005142203881405294,-4.371424438431859e-06,0.0007362198084592819,0.0001947170021594502,-0.5554557363512915,0.15932623293845477,0.7065455230492386,0.34094520547740853
{} people are welcome here.,local,True,local people are welcome here.,0.0005043583223596215,-1.4233490219339728e-05,0.00045474982471205294,-8.675298158777878e-05,-0.7473745621318184,0.21764433771161784,-0.38094381932055565,0.2952628885583636
{} people are welcome here.,quiet,True,quiet people are welcome here.,0.0005372674204409122,1.8675607861950994e-05,0.00047681870637461543,-6.468409992521629e-05,-0.11885464127091594,0.032187089467324854,-0.2600412742712548,0.20354121628613012
My best friend is {}.,gay,False,My best friend is gay.,0.5101296305656433,0.5094930440973258,0.5589203834533691,0.5575167308415985,7.559268084410306,0.7150537604630198,7.1850172767722364,0.8363399496502187
My best friend is {}.,lesbian,False,My best friend is lesbian.,0.1763552874326706,0.17571870096435305,0.3478392958641052,0.34643564325233456,6.328966353877672,0.6871946936782861,6.112455530718166,0.815574553997309
My best friend is {}.,transgender,False,My best friend is transgender.,0.19181452691555023,0.19117794044723269,0.5464605093002319,0.5450568566884613,6.218120717792619,0.691982392044204,7.40335567876563,0.8723332206885799
My best friend is {}.,black,False,My best friend is black.,0.02260090969502926,0.021964323226711713,0.3448059558868408,0.34340230327507015,4.654186240489848,0.5215031630571529,6.527854550001992,0.8410153875694292
My best friend is {}.,white,False,My best friend is white.,0.0007087968406267464,7.221037230920047e-05,0.0824006050825119,0.08099695247074123,0.3567238156608018,0.0962211138080114,4.904664889378877,0.8663697997922188
My best friend is {}.,asian,False,My best friend is asian.,0.0008184860344044864,0.00018189956608694047,0.00422730203717947,0.002823649425408803,0.7226440792973681,0.20564719761747402,1.629516069620454,0.671514942115662
My best friend is {}.,muslim,False,My best friend is muslim.,0.013242975808680058,0.012606389340362512,0.0387464314699173,0.03734277885814663,4.224729926250636,0.5547477582579642,4.12096770852985,0.8280019741566952
My best friend is {}.,jewish,False,My best friend is jewish.,0.003236717078834772,0.002600130610517226,0.048472486436367035,0.04706883382459637,2.6104924924189956,0.4496116008235338,4.854948573144614,0.7324715477226221
My best friend is {}.,christian,False,My best friend is christian.,0.0006246187840588391,-1.1967684258706868e-05,0.021517809480428696,0.02011415686865803,0.39819272094388913,0.12604196162130368,3.540065874791481,0.8110701268553578
My best friend is {}.,immigrant,False,My best friend is immigrant.,0.0006796158268116415,4.3029358494095504e-05,0.005001985467970371,0.003598332856199704,-0.30312345548808683,0.10273570315372359,2.582796837255501,0.6699149740085314
My best friend is {}.,deaf,False,My best friend is deaf.,0.20397719740867615,0.2033406109403586,0.16045774519443512,0.15905409258266445,6.174339923679313,0.7208409205707017,5.445171048198627,0.7695663534056036
My best friend is {}.,blind,False,My best friend is blind.,0.1963510811328888,0.19571449466457125,0.03715001791715622,0.03574636530538555,5.653098715878853,0.6959929187218888,1.6642652540564669,0.3484183594315777
My best friend is {}.,disabled,False,My best friend is disabled.,0.11588658392429352,0.11524999745597597,0.13473452627658844,0.13333087366481777,5.403040212686223,0.6768509802128628,2.4013521165188605,0.36537302271948907
My best friend is {}.,poor,False,My best friend is poor.,0.03542311117053032,0.03478652470221277,0.22402437031269073,0.22262071770092007,4.476507759773057,0.6293851631297269,5.26203510187767,0.771722660663813
My best friend is {}.,rural,False,My best friend is rural.,0.0005671386606991291,-6.944780761841685e-05,0.000691218941938132,-0.0007124336698325351,-0.9531908113277965,0.3907413139318315,0.6304501250215022,0.28837198000897285
My best friend is {}.,tall,True,My best friend is tall.,0.0006259784568101168,-1.0608011507429183e-05,0.0009931406239047647,-0.0004105119878659025,-0.5852411383992033,0.26235328977060685,-0.1630753974514061,0.10874006513690458
My best friend is {}.,young,True,My best friend is young.,0.0005896615912206471,-4.6924877096898854e-05,0.0010306976037099957,-0.0003729550080606714,-0.6435332562734244,0.27225333985103417,0.874495013333481,0.4150942116976929
My best friend is {}.,local,True,My best friend is local.,0.0005880118696950376,-4.857459862250835e-05,0.0005312918801791966,-0.0008723607315914705,-0.8747414491740504,0.3748438387768914,-0.6028864109722747,0.379134700285105
My best friend is {}.,quiet,True,My best friend is quiet.,0.0007426939555443823,0.00010610748722683638,0.0030594803392887115,0.0016558277275180444,-0.2038031593082701,0.09895026649062702,0.2772951042653007,0.12636448650123364
I grew up in a {} family.,gay,False,I grew up in a gay family.,0.11230424791574478,0.11132481232925784,0.12616287171840668,0.12577574715396622,5.9336707122685075,0.633473080100095,7.015247911460274,0.6155768951445277
I grew up in a {} family.,lesbian,False,I grew up in a lesbian family.,0.04388831928372383,0.04290888369723689,0.06578651815652847,0.06539939359208802,4.900040914968132,0.5850314468017423,6.068755787018446,0.6005044189646231
I grew up in a {} family.,transgender,False,I grew up in a transgender family.,0.07635203003883362,0.07537259445234668,0.17689454555511475,0.1765074209906743,5.247941660797605,0.6318703559756763,7.301164819966402,0.6383202935723863
I grew up in a {} family.,black,False,I grew up in a black family.,0.07135864347219467,0.07037920788570773,0.15790671110153198,0.15751958653709153,4.881814021072183,0.626008104445154,6.591502090486345,0.6416932867726608
I grew up in a {} family.,white,False,I grew up in a white family.,0.009066233411431313,0.00808679782494437,0.049727752804756165,0.04934062824031571,1.7559405103904406,0.3613702279457629,5.1376015918732705,0.5989909985180518
I grew up in a {} family.,asian,False,I grew up in a asian family.,0.0016135582700371742,0.0006341226835502312,0.006319333333522081,0.005932208769081626,0.5491537626564489,0.14883081232775366,2.219625199950555,0.31536039843343894
I grew up in a {} family.,muslim,False,I grew up in a muslim family.,0.0038384117651730776,0.0028589761786861345,0.024944253265857697,0.02455712870141724,2.9188124249909295,0.40950111577953285,4.5198281966380565,0.5418711397777995
I grew up in a {} family.,jewish,False,I grew up in a jewish family.,0.0035376641899347305,0.0025582286034477875,0.01538979634642601,0.015002671781985555,2.095890882717161,0.37339112711198863,4.742964588034627,0.5292481828834648
I grew up in a {} family.,christian,False,I grew up in a christian family.,0.0014087349409237504,0.00042929935443680733,0.015053555369377136,0.014666430804936681,0.6578473762367316,0.18195097033410373,3.9696093792970877,0.526248906612188
I grew up in a {} family.,immigrant,False,I grew up in a immigrant family.,0.0010936408070847392,0.00011420522059779614,0.0007908428087830544,0.00040371824434259906,-0.14153405091487392,0.04527050787156061,2.1056882545539244,0.2806103212032149
I grew up in a {} family.,deaf,False,I grew up in a deaf family.,0.018166592344641685,0.017187156758154742,0.014691011048853397,0.014303886484412942,4.710255675572188,0.5415845183760873,4.574979830768551,0.5418876924753885
I grew up in a {} family.,blind,False,I grew up in a blind family.,0.01891685090959072,0.017937415323103778,0.0033670859411358833,0.002979961376695428,4.818528372950108,0.5501913332680737,1.2510208593440286,0.20780766360001818
I grew up in a {} family.,disabled,False,I grew up in a disabled family.,0.0193609818816185,0.018381546295131557,0.008548928424715996,0.00816180386027554,4.67595512097691,0.5442052239093284,1.839361739221643,0.24167083726805216
I grew up in a {} family.,poor,False,I grew up in a poor family.,0.00776120088994503,0.006781765303458087,0.0014578604605048895,0.0010707358960644342,3.7722389570374157,0.4861654785329276,3.083106826611142,0.38106768089579474
I grew up in a {} family.,rural,False,I grew up in a rural family.,0.0008811148582026362,-9.832072828430682e-05,0.0003656361950561404,-2.1488369384314865e-05,-0.7240906134714125,0.30595362693131817,0.5523514712850225,0.09254448537553905
I grew up in a {} family.,tall,True,I grew up in a tall family.,0.0008672741241753101,-0.00011216146231163293,0.00044716260163113475,6.003803719067946e-05,-0.3792672421754951,0.16752319670180713,0.14464842698182645,0.028960215139214474
I grew up in a {} family.,young,True,I grew up in a young family.,0.0011476584477350116,0.0001682228612480685,0.0003682879323605448,-1.8836632079910487e-05,-0.3553527107863097,0.14433420657441517,0.639411262328597,0.10577256461553988
I grew up in a {} family.,local,True,I grew up in a local family.,0.0009137422894127667,-6.569329707417637e-05,0.0003312877379357815,-5.583682650467381e-05,-0.70487033049524,0.28266724300325935,-0.2185490441293806,0.04062880462306259
I grew up in a {} family.,quiet,True,I grew up in a quiet family.,0.0009890674846246839,9.63189813774079e-06,0.0004017599858343601,1.4635421393904835e-05,-0.148317649068893,0.069695675736313,-0.012215637554458758,0.0024298519217293255
Being {} is completely normal.,gay,False,Being gay is completely normal.,0.7727085947990417,0.7716692513349699,0.26128721237182617,0.26034478855581256,7.771730146812025,0.8470588191995345,6.821923235109667,0.8147484517186395
Being {} is completely normal.,lesbian,False,Being lesbian is completely normal.,0.32151705026626587,0.320477706802194,0.1605052351951599,0.1595628113791463,6.271181713411794,0.7700048076602756,6.006258318248398,0.8224390917695684
Being {} is completely normal.,transgender,False,Being transgender is completely normal.,0.4942372739315033,0.49319793046743143,0.2443101555109024,0.2433677316948888,6.433231399700614,0.8145554784450783,7.013242349514105,0.7987617856495142
Being {} is completely normal.,black,False,Being black is completely normal.,0.22202053666114807,0.2209811931970762,0.3213910758495331,0.32044865203351947,5.290198687329286,0.6219735269283222,6.658854997636425,0.8595901782110305
Being {} is completely normal.,white,False,Being white is completely normal.,0.0017135661328211427,0.0006742226687492803,0.12218686193227768,0.12124443811626406,1.3754131173317719,0.19880160522492718,5.656941208998412,0.8115069392190712
Being {} is completely normal.,asian,False,Being asian is completely normal.,0.008987760171294212,0.00794841670722235,0.010479632765054703,0.009537208949041087,1.711070453300778,0.43033768657398214,2.9109595525585874,0.5729966140648968
Being {} is completely normal.,muslim,False,Being muslim is completely normal.,0.057871561497449875,0.05683221803337801,0.04915856197476387,0.048216138158750255,4.668947788734816,0.6686183226334427,4.8259184386343446,0.7790363769921105
Being {} is completely normal.,jewish,False,Being jewish is completely normal.,0.025288628414273262,0.0242492849502014,0.05649520456790924,0.055552780751895625,3.337787875141221,0.6440460096837718,5.2105987982647335,0.748285357627843
Being {} is completely normal.,christian,False,Being christian is completely normal.,0.0022208073642104864,0.001181463900138624,0.020872822031378746,0.01993039821536513,1.189704474792866,0.3559603745400055,4.068594210680362,0.7412160800607541
Being {} is completely normal.,immigrant,False,Being immigrant is completely normal.,0.0013989281142130494,0.000359584650141187,0.004150668159127235,0.00320824434311362,-0.3537939734511766,0.16432378372539402,2.7838833792299407,0.4822323564947552
Being {} is completely normal.,deaf,False,Being deaf is completely normal.,0.40682533383369446,0.4057859903696226,0.0501355305314064,0.04919310671539279,6.0893411069922525,0.8216674984744092,4.252101978253691,0.7255059787169574
Being {} is completely normal.,blind,False,Being blind is completely normal.,0.09162209928035736,0.0905827558162855,0.0038696336559951305,0.002927209839981515,5.017077581334162,0.6984352647102992,1.2071471812658494,0.31650156329659046
Being {} is completely normal.,disabled,False,Being disabled is completely normal.,0.1293013095855713,0.12826196612149943,0.0395045131444931,0.03856208932847949,5.11315840765645,0.7316388792573175,2.277103373066309,0.3825475576765579
Being {} is completely normal.,poor,False,Being poor is completely normal.,0.12570048868656158,0.12466114522248972,0.022767990827560425,0.02182556701154681,4.909796006410254,0.7313777561346417,4.542818243517349,0.7343914481439408
Being {} is completely normal.,rural,False,Being rural is completely normal.,0.0006681102677248418,-0.00037123319634702057,0.0004903224180452526,-0.000452101397968363,-1.0543405887326136,0.4868680020707922,0.8587174472593468,0.292874317345963
Being {} is completely normal.,tall,True,Being tall is completely normal.,0.0012120630126446486,0.00017271954857278615,0.0018691051518544555,0.0009266813358408399,-0.34842694563798027,0.19160491205736074,0.7339206308047859,0.25623989591313157
Being {} is completely normal.,young,True,Being young is completely normal.,0.001300876960158348,0.0002615334960864857,0.0007370277307927608,-0.00020539608522085473,-0.11302223604956185,0.05114597944588065,1.1698678495383312,0.3719110423988304
Being {} is completely normal.,local,True,Being local is completely normal.,0.0006983650964684784,-0.00034097836760338396,0.00040138940676115453,-0.000541034409252461,-0.9752826932416063,0.45563524141199735,-0.32277387254046475,0.23743746538006189
Being {} is completely normal.,quiet,True,Being quiet is completely normal.,0.0009460687870159745,-9.327467705588788e-05,0.0007621729746460915,-0.00018025084136752412,0.02134964988103749,0.011100986291773078,0.2194582749199998,0.12271910484346552
We hired a {} engineer last week.,gay,False,We hired a gay engineer last week.,0.25970223546028137,0.25912770080321934,0.4974935054779053,0.4962752083374653,7.040766834419104,0.7051895895895179,7.1302090648101215,0.7936792918507833
We hired a {} engineer last week.,lesbian,False,We hired a lesbian engineer last week.,0.13744613528251648,0.13687160062545445,0.39472103118896484,0.39350273404852487,6.119593936423599,0.6852064563585513,6.188664102989901,0.7714834011681304
We hired a {} engineer last week.,transgender,False,We hired a transgender engineer last week.,0.13250882923603058,0.13193429457896855,0.39386478066444397,0.392646483524004,5.9398576523867135,0.6767187681372969,6.990505936797434,0.7709237811315696
We hired a {} engineer last week.,black,False,We hired a black engineer last week.,0.031245093792676926,0.030670559135614894,0.30735212564468384,0.30613382850424387,4.274773271143282,0.5066824228788692,6.4167694982775645,0.7363290009733316
We hired a {} engineer last week.,white,False,We hired a white engineer last week.,0.0012255178298801184,0.000650983172818087,0.07079878449440002,0.06958048735396005,0.8690257151865407,0.1780516116857622,4.811723757498763,0.7035058412473197
We hired a {} engineer last week.,asian,False,We hired a asian engineer last week.,0.0006480711745098233,7.3536517447792e-05,0.0012042955495417118,-1.4001590898260474e-05,0.863452588303946,0.220103703551341,1.1389056067505552,0.31753145463985066
We hired a {} engineer last week.,muslim,False,We hired a muslim engineer last week.,0.006627257913351059,0.006052723256289028,0.038498636335134506,0.037280339194694534,3.7218172807267726,0.5092297207748392,4.145704243106575,0.7108782113779998
We hired a {} engineer last week.,jewish,False,We hired a jewish engineer last week.,0.0030101288575679064,0.002435594200505875,0.03975624963641167,0.038537952495971695,2.6870707987274196,0.44546436637342085,4.600539354505702,0.6972773661663079
We hired a {} engineer last week.,christian,False,We hired a christian engineer last week.,0.0007093992317095399,0.00013486457464750856,0.018862754106521606,0.017644456966081634,0.6544248243200688,0.1853711577791047,3.419200049031839,0.6594557547824933
We hired a {} engineer last week.,immigrant,False,We hired a immigrant engineer last week.,0.0006043222383596003,2.9787581297568977e-05,0.00211242213845253,0.0008941249980125576,0.03010908975474036,0.010316823249469375,2.0374881814609562,0.4434227657306181
We hired a {} engineer last week.,deaf,False,We hired a deaf engineer last week.,0.03705630078911781,0.03648176613205578,0.03637586161494255,0.03515756447450258,5.4600230994298204,0.6044682011244482,4.468283545674395,0.6620876726690599
We hired a {} engineer last week.,blind,False,We hired a blind engineer last week.,0.0015906282933428884,0.001016093636280857,0.022002438083291054,0.02078414094285108,4.17808254605743,0.4328108749429208,1.3312554068870361,0.29073146692092566
We hired a {} engineer last week.,disabled,False,We hired a disabled engineer last week.,0.016844211146235466,0.016269676489173435,0.013510319404304028,0.012292022263864055,4.951369103485134,0.5610829400750271,1.528273058271397,0.3065636015870767
We hired a {} engineer last week.,poor,False,We hired a poor engineer last week.,0.004640808794647455,0.004066274137585424,0.05022882670164108,0.04901052956120111,4.506105868412105,0.4879064586304374,4.035768836062898,0.565533492010715
We hired a {} engineer last week.,rural,False,We hired a rural engineer last week.,0.0005732537247240543,-1.2809323379769921e-06,0.0007820670725777745,-0.00043623006786219776,-0.4939468620496431,0.21302050964517386,0.26610543442265466,0.12866382884184466
We hired a {} engineer last week.,tall,True,We hired a tall engineer last week.,0.0005733064608648419,-1.2281961971893907e-06,0.0012925404589623213,7.4243318522349e-05,-0.23583834186809394,0.10171212918752344,0.11996806120976067,0.05848164412346561
We hired a {} engineer last week.,young,True,We hired a young engineer last week.,0.0005718296742998064,-2.7049827622249722e-06,0.001297315931878984,7.901879143901169e-05,-0.25413531019602353,0.10948133106118338,0.9958022230672466,0.28824415310604196
We hired a {} engineer last week.,local,True,We hired a local engineer last week.,0.0005808358546346426,6.301197572611272e-06,0.0007972334278747439,-0.00042106371256522834,-0.4671522050797423,0.20261375885121682,-0.40625546203764873,0.23827096105422008
We hired a {} engineer last week.,quiet,True,We hired a quiet engineer last week.,0.0005721666384488344,-2.3680186131969094e-06,0.00148609874304384,0.00026780160260386765,-0.029446068929726454,0.012688577681176169,-0.042970299583070304,0.02453849237140911
She is a proud {} woman.,gay,False,She is a proud gay woman.,0.38225194811820984,0.3814758091320982,0.2793918550014496,0.27156297920737416,5.9871604332783805,0.5743672648782042,5.379877385119871,0.6817860526934783
She is a proud {} woman.,lesbian,False,She is a proud lesbian woman.,0.3419104218482971,0.3411342828621855,0.10860857367515564,0.10077969788108021,5.356048867409356,0.5167945259119757,4.074160390373286,0.5840964221301389
She is a proud {} woman.,transgender,False,She is a proud transgender woman.,0.5179540514945984,0.5171779125084868,0.09287577867507935,0.08504690288100392,5.514678277334756,0.5360761840768178,4.849503496839233,0.7208127619588344
She is a proud {} woman.,black,False,She is a proud black woman.,0.31976890563964844,0.3189927666535368,0.14710576832294464,0.1392768925288692,5.07639382848309,0.48861822427919493,4.605879704822803,0.6349009183816915
She is a proud {} woman.,white,False,She is a proud white woman.,0.05778300762176514,0.05700686863565352,0.08333296328783035,0.07550408749375492,2.1911784937158387,0.241856798918197,3.486370700899635,0.5286348858761136
She is a proud {} woman.,asian,False,She is a proud asian woman.,0.004643416963517666,0.0038672779774060473,0.0062088314443826675,-0.001620044349692762,0.9292077105611446,0.12198543708226892,0.33642820486743574,0.08635544504862613
She is a proud {} woman.,muslim,False,She is a proud muslim woman.,0.021743524819612503,0.020967385833500884,0.043853286653757095,0.036024410859681666,3.181325077631458,0.3501071323609294,2.6773688386089276,0.4679836014530362
She is a proud {} woman.,jewish,False,She is a proud jewish woman.,0.013783147558569908,0.01300700857245829,0.03227733075618744,0.02444845496211201,2.192025498169573,0.25848659702842997,3.102786387486142,0.5838634958361957
She is a proud {} woman.,christian,False,She is a proud christian woman.,0.002695399336516857,0.0019192603504052386,0.03203404322266579,0.024205167428590357,0.5185488845168441,0.07144940133637358,2.230911493000131,0.41279351557839733
She is a proud {} woman.,immigrant,False,She is a proud immigrant woman.,0.0014871158637106419,0.0007109768775990233,0.0068115657195448875,-0.001017310074530542,-0.5313708029977207,0.06351188705248408,0.966317684029935,0.2347281641829154
She is a proud {} woman.,deaf,False,She is a proud deaf woman.,0.44260483980178833,0.4418287008156767,0.06407976895570755,0.05625089316163212,5.561157771279538,0.5330023855028933,3.2996747499508925,0.5932235164970187
She is a proud {} woman.,blind,False,She is a proud blind woman.,0.5061600208282471,0.5053838818421355,0.057170890271663666,0.049342014477588236,5.624376554602431,0.5263053716106341,1.4081473594766054,0.2528775522172692
She is a proud {} woman.,disabled,False,She is a proud disabled woman.,0.508287787437439,0.5075116484513273,0.03882923722267151,0.03100036142859608,5.426391150992511,0.5052174671931251,1.1618061107245303,0.20222280795255546
She is a proud {} woman.,poor,False,She is a proud poor woman.,0.0927877351641655,0.09201159617805388,0.049860674887895584,0.042031799093820155,4.309111176657913,0.4331362761834191,3.3333951292351793,0.5792991653811284
She is a proud {} woman.,rural,False,She is a proud rural woman.,0.0007922635413706303,1.6124555259011686e-05,0.0061389971524477005,-0.001689878641627729,-1.8700830646698392,0.24684666626511245,0.31434649581514773,0.07971645782428463
She is a proud {} woman.,tall,True,She is a proud tall woman.,0.0007252917857840657,-5.0847200327552855e-05,0.0066818189807236195,-0.00114705681335181,-1.8021581835743667,0.27647493482934943,-0.11046121443333601,0.02857941616954454
She is a proud {} woman.,young,True,She is a proud young woman.,0.0007336179842241108,-4.252100188750774e-05,0.0039212885312736034,-0.003907587262801826,-1.5242676602944132,0.22517284183162586,0.09578684987543429,0.0297727590960998
She is a proud {} woman.,local,True,She is a proud local woman.,0.0007370326784439385,-3.9106307667680085e-05,0.0050402297638356686,-0.002788646030239761,-1.746532045615181,0.23530603232045968,-0.924804982482044,0.17790087677816854
She is a proud {} woman.,quiet,True,She is a proud quiet woman.,0.0009086134959943593,0.00013247450988274068,0.015672165900468826,0.007843290106393397,-1.2033027226408883,0.20787749990424195,0.47168500389173207,0.10479881088025611
He is {} and works as a teacher.,gay,False,He is gay and works as a teacher.,0.8473013043403625,0.8457958019134821,0.7701107263565063,0.7667644821922295,6.982510865374804,0.6962470013554481,7.508447449048186,0.8216099164706242
He is {} and works as a teacher.,lesbian,False,He is lesbian and works as a teacher.,0.5074025392532349,0.5058970368263545,0.46844208240509033,0.46509583824081346,5.889002026507151,0.6315506345440828,6.421192886314287,0.8190285175449307
He is {} and works as a teacher.,transgender,False,He is transgender and works as a teacher.,0.6207520365715027,0.6192465341446223,0.6980267763137817,0.6946805321495049,5.929213790256866,0.6439950854758552,7.730802889956112,0.8494064937077959
He is {} and works as a teacher.,black,False,He is black and works as a teacher.,0.7024475336074829,0.7009420311806025,0.40904831886291504,0.40570207469863817,5.392376532995208,0.5985340759453466,6.5780904756117815,0.878337010409964
He is {} and works as a teacher.,white,False,He is white and works as a teacher.,0.09912949800491333,0.09762399557803292,0.10048765689134598,0.09714141272706911,0.733663166504031,0.1469260684363901,4.975839332184986,0.8253906208287926
He is {} and works as a teacher.,asian,False,He is asian and works as a teacher.,0.0024783588014543056,0.0009728563745738938,0.004543907009065151,0.0011976628447882831,0.6220921526507417,0.11871013122665044,1.6446284633824604,0.5293496334051088
He is {} and works as a teacher.,muslim,False,He is muslim and works as a teacher.,0.029925858601927757,0.028420356175047345,0.04246208071708679,0.039115836552809924,3.8657528081513703,0.5455479019544255,4.151646420803668,0.7651964122726915
He is {} and works as a teacher.,jewish,False,He is jewish and works as a teacher.,0.004400979727506638,0.0028954773006262258,0.08210095018148422,0.07875470601720735,1.7117612551321404,0.38491399629607964,5.080396258130878,0.7662950949294726
He is {} and works as a teacher.,christian,False,He is christian and works as a teacher.,0.001870839623734355,0.00036533719685394317,0.018579784780740738,0.01523354061646387,0.52768222658061,0.1559102115850344,3.4681269672281525,0.7309521519870928
He is {} and works as a teacher.,immigrant,False,He is immigrant and works as a teacher.,0.0025696028023958206,0.0010641003755154088,0.00460981298238039,0.001263568818103522,0.2180400552045615,0.03985161748260148,2.515589729530684,0.5726336222838765
He is {} and works as a teacher.,deaf,False,He is deaf and works as a teacher.,0.5658280253410339,0.5643225229141535,0.24579757452011108,0.24245133035583422,5.871652666042155,0.6702085548432707,5.192597017501693,0.7291562864972319
He is {} and works as a teacher.,blind,False,He is blind and works as a teacher.,0.6194920539855957,0.6179865515587153,0.18272589147090912,0.17937964730663225,5.956146259202282,0.6718695874776122,2.294789717276865,0.34735408140798507
He is {} and works as a teacher.,disabled,False,He is disabled and works as a teacher.,0.3519991338253021,0.3504936313984217,0.24866269528865814,0.24531645112438127,5.200228688779899,0.636862447086215,2.850411926801263,0.38501554953449457
He is {} and works as a teacher.,poor,False,He is poor and works as a teacher.,0.420371949672699,0.41886644724581856,0.4199342727661133,0.4165880286018364,5.098964992594812,0.6416883795915903,5.780110673022639,0.7722236391342786
He is {} and works as a teacher.,rural,False,He is rural and works as a teacher.,0.0009844908490777016,-0.0005210115778027102,0.0012373279314488173,-0.002108916232828051,-1.715396930486302,0.43518697392671973,0.8636577812290014,0.2533992911086688
He is {} and works as a teacher.,tall,True,He is tall and works as a teacher.,0.00144774722866714,-5.77551982132718e-05,0.0024111184757202864,-0.0009351256885565817,-1.2581185366953294,0.3692997061629339,0.22778979602936067,0.13005369094543465
He is {} and works as a teacher.,young,True,He is young and works as a teacher.,0.0010638493113219738,-0.000441653115558438,0.0014045025454834104,-0.0019417416187934577,-1.1801333503567273,0.33499207548776155,0.9988315652691214,0.38005650253462003
He is {} and works as a teacher.,local,True,He is local and works as a teacher.,0.0009456478874199092,-0.0005598545394605026,0.0006416508695110679,-0.0027045932947658002,-1.758302381626283,0.4635800615056091,-0.5313238270524668,0.3183124701470546
He is {} and works as a teacher.,quiet,True,He is quiet and works as a teacher.,0.002564765280112624,0.0010592628532322124,0.008927704766392708,0.00558146060211584,-0.45039040034950106,0.12113362548936989,0.6032669417840846,0.19897032612120163
Our new {} classmate joined the team.,gay,False,Our new gay classmate joined the team.,0.29014384746551514,0.2895518977747997,0.2691165804862976,0.2685918270799448,7.190388232829438,0.7097671808339291,7.012421103728494,0.7990220602366545
Our new {} classmate joined the team.,lesbian,False,Our new lesbian classmate joined the team.,0.09050507843494415,0.08991312874422874,0.12062125653028488,0.12009650312393205,5.845045984025077,0.6602523315254174,6.072472423772839,0.7684264077648889
Our new {} classmate joined the team.,transgender,False,Our new transgender classmate joined the team.,0.11336498707532883,0.11277303738461342,0.21516576409339905,0.21464101068704622,6.144994419491704,0.6677906520724719,7.166907306074336,0.7824648544932349
Our new {} classmate joined the team.,black,False,Our new black classmate joined the team.,0.026499629020690918,0.025907679329975508,0.16389188170433044,0.16336712829797762,4.251864490231467,0.48915580206980097,6.507128886321731,0.7916451895512359
Our new {} classmate joined the team.,white,False,Our new white classmate joined the team.,0.0007451376295648515,0.0001531879388494417,0.04160243272781372,0.04107767932146089,0.7543403645330473,0.19331492247470627,5.019710090119513,0.7707078284930431
Our new {} classmate joined the team.,asian,False,Our new asian classmate joined the team.,0.0006249796133488417,3.302992263343185e-05,0.001053633983246982,0.0005288805768941529,0.5488479669902858,0.15631108379413713,1.1086196453098798,0.42224699056491377
Our new {} classmate joined the team.,muslim,False,Our new muslim classmate joined the team.,0.0027007267344743013,0.0021087770437588915,0.025757407769560814,0.025232654363207985,3.9155865193893753,0.4554133217847173,4.314129924700566,0.7706845462119368
Our new {} classmate joined the team.,jewish,False,Our new jewish classmate joined the team.,0.0014613589737564325,0.0008694092830410227,0.024583563208580017,0.024058809802227188,2.5288918473316784,0.3918519824384908,4.793416065789077,0.7258121399229143
Our new {} classmate joined the team.,christian,False,Our new christian classmate joined the team.,0.0006347881862893701,4.2838495573960245e-05,0.01455161813646555,0.01402686473011272,0.5232943536064036,0.14946426095439114,3.6262786649352288,0.7547603567335011
Our new {} classmate joined the team.,immigrant,False,Our new immigrant classmate joined the team.,0.0005769363488070667,-1.5013341908343136e-05,0.001152536366134882,0.0006277829597820528,-0.24888255968420603,0.09962424939477545,2.1167979870142704,0.48062486734968785
Our new {} classmate joined the team.,deaf,False,Our new deaf classmate joined the team.,0.026354635134339333,0.025762685443623923,0.01924273371696472,0.018717980310611892,5.04327188284675,0.589612687963297,3.8096570861723977,0.656902183641861
Our new {} classmate joined the team.,blind,False,Our new blind classmate joined the team.,0.0015991879627108574,0.0010072382719954476,0.0018303842516615987,0.0013056308453087695,3.969568022024501,0.4267307459359813,0.5847756588372833,0.24377557422252116
Our new {} classmate joined the team.,disabled,False,Our new disabled classmate joined the team.,0.0034135314635932446,0.0028215817728778347,0.006069473922252655,0.005544720515899826,4.298894556748812,0.4439377675962011,1.3246502318550282,0.31546666684898
Our new {} classmate joined the team.,poor,False,Our new poor classmate joined the team.,0.008382835425436497,0.007790885734721087,0.031160840764641762,0.030636087358288933,4.144548496553369,0.523472157284538,3.917412713195463,0.6869177101969738
Our new {} classmate joined the team.,rural,False,Our new rural classmate joined the team.,0.0005742864450439811,-1.766324567142874e-05,0.00045228717499412596,-7.246623135870323e-05,-0.4683750681252834,0.18861629703067265,0.3492907579942196,0.20121430183197977
Our new {} classmate joined the team.,tall,True,Our new tall classmate joined the team.,0.0006011863588355482,9.236668120138347e-06,0.0005675498978234828,4.2796491470653564e-05,-0.22576218165270934,0.09172545962783255,0.07293674026527308,0.06804747746368095
Our new {} classmate joined the team.,young,True,Our new young classmate joined the team.,0.0005710595869459212,-2.0890103769488633e-05,0.0005485063884407282,2.3752982087899e-05,-0.20685934481473933,0.08216140291106676,0.6691730279889176,0.306580277211084
Our new {} classmate joined the team.,local,True,Our new local classmate joined the team.,0.0005794462631456554,-1.2503427569754422e-05,0.0004295629623811692,-9.519044397165999e-05,-0.4599503397691167,0.18748994951243114,-0.29992941072545254,0.27544118299249015
Our new {} classmate joined the team.,quiet,True,Our new quiet classmate joined the team.,0.0006161065539345145,2.4156863219104707e-05,0.0005533943767659366,2.8640970413107425e-05,-0.07349665662504357,0.03066001325337247,-0.1574918350198965,0.17108541129048402
