text,term,n,seed,weight,rank,top_word,w_gay,w_normal,w_completely,w_being,w_is,w_welcome,w_people,w_here,w_are,w_lovely,w_she,w_my,w_and,w_neighbour,w_best,w_friend,w_team,w_classmate,w_the,w_new,w_our,w_joined
Being gay is completely normal.,gay,500,0,0.8071830810688129,1,gay,0.8071830810688129,-0.037109163920551635,0.01632543321320142,-0.015560497879936038,-0.00626176208057364,,,,,,,,,,,,,,,,,
Being gay is completely normal.,gay,500,1,0.8069053779631342,1,gay,0.8069053779631342,-0.0361434603926287,0.013254766623370922,-0.01320672765004917,-0.004503831454234477,,,,,,,,,,,,,,,,,
Being gay is completely normal.,gay,500,2,0.8098959580842464,1,gay,0.8098959580842464,-0.03560737531488893,0.013578968898292949,-0.015373734569872816,-0.011521991000919649,,,,,,,,,,,,,,,,,
Being gay is completely normal.,gay,500,3,0.8071739637828507,1,gay,0.8071739637828507,-0.03959363120657244,0.015562879878152686,-0.01933910833245942,-0.011327679140859227,,,,,,,,,,,,,,,,,
Being gay is completely normal.,gay,500,4,0.809771035413674,1,gay,0.809771035413674,-0.03252489250264494,0.012354397897898602,-0.018635130345540818,-0.008567998518552278,,,,,,,,,,,,,,,,,
Being gay is completely normal.,gay,500,5,0.8063678629009384,1,gay,0.8063678629009384,-0.0387953772067211,0.013431773702956432,-0.02378451846313368,-0.00807163136676423,,,,,,,,,,,,,,,,,
Being gay is completely normal.,gay,500,6,0.8095339934698517,1,gay,0.8095339934698517,-0.034938758221274444,0.012310909593762761,-0.01728458638631707,-0.012837234972025808,,,,,,,,,,,,,,,,,
Being gay is completely normal.,gay,500,7,0.8064424062260628,1,gay,0.8064424062260628,-0.03826935089525944,0.014704149206941974,-0.015459381496145723,-0.008563764729593994,,,,,,,,,,,,,,,,,
Being gay is completely normal.,gay,500,8,0.8108287109052116,1,gay,0.8108287109052116,-0.034342785894924246,0.01538928496933299,-0.017293831289030708,-0.010195072236261848,,,,,,,,,,,,,,,,,
Being gay is completely normal.,gay,500,9,0.8109801877497462,1,gay,0.8109801877497462,-0.03423739987704293,0.016985165859617273,-0.017224580907396845,-0.009735560812756719,,,,,,,,,,,,,,,,,
Being gay is completely normal.,gay,5000,0,0.8254330931444973,1,gay,0.8254330931444973,-0.03419912261833798,0.01569368766305015,-0.01643433325527623,-0.006865901266902357,,,,,,,,,,,,,,,,,
Being gay is completely normal.,gay,5000,1,0.8251500386218354,1,gay,0.8251500386218354,-0.033525008260358695,0.01648826958761207,-0.015438447438695642,-0.007901619065799084,,,,,,,,,,,,,,,,,
Being gay is completely normal.,gay,5000,2,0.8253803776047234,1,gay,0.8253803776047234,-0.03251174787519395,0.01615033746059051,-0.014957004837041118,-0.007146915386356069,,,,,,,,,,,,,,,,,
Being gay is completely normal.,gay,5000,3,0.826127406752678,1,gay,0.826127406752678,-0.032411577019029754,0.015635833669453765,-0.015164325119542413,-0.007186095427191763,,,,,,,,,,,,,,,,,
Being gay is completely normal.,gay,5000,4,0.824038691819992,1,gay,0.824038691819992,-0.03290926904430123,0.016788458506496302,-0.01487189773015565,-0.007128455159685766,,,,,,,,,,,,,,,,,
Being gay is completely normal.,gay,5000,5,0.8243929316163077,1,gay,0.8243929316163077,-0.03205669370643823,0.016411838089421378,-0.014406701088307956,-0.0063557417612292045,,,,,,,,,,,,,,,,,
Being gay is completely normal.,gay,5000,6,0.8251110552127756,1,gay,0.8251110552127756,-0.0322794428301091,0.016389031786576427,-0.014832345247027263,-0.006337028250965637,,,,,,,,,,,,,,,,,
Being gay is completely normal.,gay,5000,7,0.824645661585259,1,gay,0.824645661585259,-0.0333825569305091,0.016869871278640227,-0.014847298887240021,-0.007270957877975264,,,,,,,,,,,,,,,,,
Being gay is completely normal.,gay,5000,8,0.825288459795015,1,gay,0.825288459795015,-0.033458279916119084,0.014055122031803199,-0.015530265004583075,-0.0070176502995918915,,,,,,,,,,,,,,,,,
Being gay is completely normal.,gay,5000,9,0.8247337208157252,1,gay,0.8247337208157252,-0.03216731458945504,0.0170158496590165,-0.014839102095270233,-0.006903114537682318,,,,,,,,,,,,,,,,,
gay people are welcome here.,gay,500,0,0.6380218894119722,1,gay,0.6380218894119722,,,,,-0.18420084725982935,-0.14373625579157356,0.06978078189254126,0.06158283661246004,,,,,,,,,,,,,
gay people are welcome here.,gay,500,1,0.6736800970575594,1,gay,0.6736800970575594,,,,,-0.17600332109504313,-0.14698074334248917,0.06311324543561679,0.06522783826480066,,,,,,,,,,,,,
gay people are welcome here.,gay,500,2,0.66443286165065,1,gay,0.66443286165065,,,,,-0.17484458061420888,-0.12263926509893416,0.052363435463355916,0.0476437458889315,,,,,,,,,,,,,
gay people are welcome here.,gay,500,3,0.6681072372618323,1,gay,0.6681072372618323,,,,,-0.1804221150713855,-0.1423200486073893,0.06735999751628591,0.06317801678345138,,,,,,,,,,,,,
gay people are welcome here.,gay,500,4,0.6623639736934958,1,gay,0.6623639736934958,,,,,-0.17205420548661776,-0.1354716496423967,0.07343839600117641,0.04249779222727163,,,,,,,,,,,,,
gay people are welcome here.,gay,500,5,0.6497875682512901,1,gay,0.6497875682512901,,,,,-0.17602117114270927,-0.14138982440150022,0.03944243249853241,0.0582186783074707,,,,,,,,,,,,,
gay people are welcome here.,gay,500,6,0.6893803555939697,1,gay,0.6893803555939697,,,,,-0.16030507510504471,-0.13149345011486213,0.045476810292896575,0.048013579062801,,,,,,,,,,,,,
gay people are welcome here.,gay,500,7,0.653413869413839,1,gay,0.653413869413839,,,,,-0.19376232861841444,-0.13824734255004548,0.06034524905704264,0.06882087186720504,,,,,,,,,,,,,
gay people are welcome here.,gay,500,8,0.661063874679719,1,gay,0.661063874679719,,,,,-0.17249582940505073,-0.12253071778108562,0.05604492231607079,0.07338482430333503,,,,,,,,,,,,,
gay people are welcome here.,gay,500,9,0.6453498815529575,1,gay,0.6453498815529575,,,,,-0.17436147662292628,-0.15014619013667935,0.08066661481976142,0.05130693869359134,,,,,,,,,,,,,
gay people are welcome here.,gay,5000,0,0.6691334385329927,1,gay,0.6691334385329927,,,,,-0.18012868686667174,-0.14351184242780277,0.06518308247792233,0.061008271602716956,,,,,,,,,,,,,
gay people are welcome here.,gay,5000,1,0.6749220472068617,1,gay,0.6749220472068617,,,,,-0.18057865771847872,-0.14087107131715132,0.06473326423878291,0.05959076048211915,,,,,,,,,,,,,
gay people are welcome here.,gay,5000,2,0.6692239049936204,1,gay,0.6692239049936204,,,,,-0.17596910514684133,-0.14583546186272814,0.07265043733587949,0.06044974096434,,,,,,,,,,,,,
gay people are welcome here.,gay,5000,3,0.6712314119354569,1,gay,0.6712314119354569,,,,,-0.1730168267910392,-0.14489316649582692,0.07139893665807133,0.057681500938503216,,,,,,,,,,,,,
gay people are welcome here.,gay,5000,4,0.6765964296551861,1,gay,0.6765964296551861,,,,,-0.1757578142912684,-0.14089034551543733,0.07245039818491816,0.057688622849064064,,,,,,,,,,,,,
gay people are welcome here.,gay,5000,5,0.6751513423943741,1,gay,0.6751513423943741,,,,,-0.1763585122855721,-0.14680014718866102,0.07483748328262066,0.05681049371004674,,,,,,,,,,,,,
gay people are welcome here.,gay,5000,6,0.6666055944218288,1,gay,0.6666055944218288,,,,,-0.17956766367077784,-0.14658785490350487,0.07197000687179389,0.05683649105320793,,,,,,,,,,,,,
gay people are welcome here.,gay,5000,7,0.6718632754346056,1,gay,0.6718632754346056,,,,,-0.18135064871367096,-0.14479104131710016,0.07255578889225574,0.06245955510219765,,,,,,,,,,,,,
gay people are welcome here.,gay,5000,8,0.6743430154945538,1,gay,0.6743430154945538,,,,,-0.1795948804093166,-0.14761501789481316,0.06468155477476907,0.058503209089359805,,,,,,,,,,,,,
gay people are welcome here.,gay,5000,9,0.6716747671545856,1,gay,0.6716747671545856,,,,,-0.17485478125447992,-0.14621790054648495,0.07684494215895146,0.05596926033656908,,,,,,,,,,,,,
My neighbour is gay and she is lovely.,gay,500,0,0.6919355568994958,1,gay,0.6919355568994958,,,,0.033612288761117694,,,,,-0.16306380842067703,0.10809525645667736,-0.09657159325528497,-0.06263924740753608,0.03919700192922263,,,,,,,,
My neighbour is gay and she is lovely.,gay,500,1,0.6853871912319506,1,gay,0.6853871912319506,,,,0.028755299097160777,,,,,-0.14485341188992362,0.11925772515528166,-0.08987732185086539,-0.07390512513637869,0.043039869722212576,,,,,,,,
My neighbour is gay and she is lovely.,gay,500,2,0.7083476939285825,1,gay,0.7083476939285825,,,,0.05229745310314422,,,,,-0.15879114183849724,0.08531764877476383,-0.07627616607331149,-0.07712914390171748,0.05070764522946347,,,,,,,,
My neighbour is gay and she is lovely.,gay,500,3,0.6722025949792969,1,gay,0.6722025949792969,,,,0.04367033399292012,,,,,-0.16094644990850246,0.10836603040297767,-0.08496468896576204,-0.05170840791054731,0.05500873977178788,,,,,,,,
My neighbour is gay and she is lovely.,gay,500,4,0.7119757895495936,1,gay,0.7119757895495936,,,,0.045207152678141675,,,,,-0.14593540566990756,0.10469079607423042,-0.07050279128887883,-0.03964566420327794,0.04813259012486585,,,,,,,,
My neighbour is gay and she is lovely.,gay,500,5,0.6749084989220413,1,gay,0.6749084989220413,,,,0.028969490743686124,,,,,-0.14304682972903507,0.09543893641458676,-0.10239337611556232,-0.05280421387164115,0.06359275038529133,,,,,,,,
My neighbour is gay and she is lovely.,gay,500,6,0.6931826827501615,1,gay,0.6931826827501615,,,,0.04149779564304589,,,,,-0.137053489577318,0.07430937493097754,-0.08282399868256908,-0.037904086420614706,0.04840795184449179,,,,,,,,
My neighbour is gay and she is lovely.,gay,500,7,0.6945066394962327,1,gay,0.6945066394962327,,,,0.04264800821672847,,,,,-0.14422925414439147,0.08075420737388944,-0.07185564447697261,-0.0504606973754365,0.0462899728164307,,,,,,,,
My neighbour is gay and she is lovely.,gay,500,8,0.6905113538729251,1,gay,0.6905113538729251,,,,0.04330406502107887,,,,,-0.1415198309798428,0.09369497772695694,-0.07743409387710709,-0.05779312026306419,0.05707495692821209,,,,,,,,
My neighbour is gay and she is lovely.,gay,500,9,0.6920026876112275,1,gay,0.6920026876112275,,,,0.023844401464184276,,,,,-0.12943324681902307,0.10898744808680383,-0.09418555141365638,-0.06301203963860418,0.0464430849931436,,,,,,,,
My neighbour is gay and she is lovely.,gay,5000,0,0.7065747160255295,1,gay,0.7065747160255295,,,,0.03733689037915983,,,,,-0.15099317446363078,0.1010097259953432,-0.08762879488166407,-0.06369650090979022,0.04850440419054001,,,,,,,,
My neighbour is gay and she is lovely.,gay,5000,1,0.7032292437203145,1,gay,0.7032292437203145,,,,0.04302937324217206,,,,,-0.16040125553156806,0.10293485970370048,-0.09052543368088271,-0.05655270439515057,0.05128601452847793,,,,,,,,
My neighbour is gay and she is lovely.,gay,5000,2,0.7023401044849108,1,gay,0.7023401044849108,,,,0.03634161518984742,,,,,-0.15216516962006565,0.1025136508300024,-0.08694862911852387,-0.054294547575825025,0.04402103428808327,,,,,,,,
My neighbour is gay and she is lovely.,gay,5000,3,0.7053792232164676,1,gay,0.7053792232164676,,,,0.040973541254499146,,,,,-0.15801751419230867,0.10361875517432095,-0.09291829365732941,-0.061211118399141666,0.05267046084876017,,,,,,,,
My neighbour is gay and she is lovely.,gay,5000,4,0.7047247541666242,1,gay,0.7047247541666242,,,,0.037871662551189754,,,,,-0.15284757759941092,0.10329894704867781,-0.08888552337937958,-0.06426024683346672,0.05448407623365726,,,,,,,,
My neighbour is gay and she is lovely.,gay,5000,5,0.7040473741434093,1,gay,0.7040473741434093,,,,0.040915072678640384,,,,,-0.15627372183121074,0.10086184786515015,-0.09220402244231003,-0.06431613662674374,0.04958202026668672,,,,,,,,
My neighbour is gay and she is lovely.,gay,5000,6,0.7014498723843636,1,gay,0.7014498723843636,,,,0.040808052641392874,,,,,-0.1579737412217926,0.10327690770597078,-0.08944099974941064,-0.0662071341345513,0.0568405232041691,,,,,,,,
My neighbour is gay and she is lovely.,gay,5000,7,0.6988399800331738,1,gay,0.6988399800331738,,,,0.036817451069257635,,,,,-0.15820395463856568,0.1000079192195969,-0.09267699916233824,-0.06003654939774605,0.058203418157545,,,,,,,,
My neighbour is gay and she is lovely.,gay,5000,8,0.7001236989493631,1,gay,0.7001236989493631,,,,0.03877594367158749,,,,,-0.15741546769348674,0.10185778986145226,-0.0921577255362593,-0.06114519473269674,0.051399846003383765,,,,,,,,
My neighbour is gay and she is lovely.,gay,5000,9,0.7024099922598989,1,gay,0.7024099922598989,,,,0.03811654564441548,,,,,-0.1564194835229267,0.10669695941338994,-0.08966178316179026,-0.06012649825617565,0.04737143156203316,,,,,,,,
My best friend is gay.,gay,500,0,0.6559162253602322,1,gay,0.6559162253602322,,,,0.06859738791974819,,,,,,,-0.09198700042342595,,,-0.12685381024742853,0.022782079944731807,,,,,,
My best friend is gay.,gay,500,1,0.6518889164618884,1,gay,0.6518889164618884,,,,0.06884459610191415,,,,,,,-0.07871851744544749,,,-0.12516984787386934,0.028897630154972303,,,,,,
My best friend is gay.,gay,500,2,0.6552341626452979,1,gay,0.6552341626452979,,,,0.06166902445804292,,,,,,,-0.0921300938432266,,,-0.1208930224100884,0.008150007969542194,,,,,,
My best friend is gay.,gay,500,3,0.6456695160046416,1,gay,0.6456695160046416,,,,0.07404872178655536,,,,,,,-0.10301909579391154,,,-0.1419103397706031,0.009046450649978695,,,,,,
My best friend is gay.,gay,500,4,0.6510947600313866,1,gay,0.6510947600313866,,,,0.06941790803739956,,,,,,,-0.09534971756848822,,,-0.10934115108903712,0.008180396361982461,,,,,,
My best friend is gay.,gay,500,5,0.6536672923541031,1,gay,0.6536672923541031,,,,0.06203854957029875,,,,,,,-0.0931052025320274,,,-0.12634998840663342,0.016253507371556793,,,,,,
My best friend is gay.,gay,500,6,0.6601243722106896,1,gay,0.6601243722106896,,,,0.06811576185082263,,,,,,,-0.0949447697742394,,,-0.12231541151918957,0.006854174386018316,,,,,,
My best friend is gay.,gay,500,7,0.640699851222588,1,gay,0.640699851222588,,,,0.06636943020503067,,,,,,,-0.0968601533787822,,,-0.12551752985851455,0.014324131030357089,,,,,,
My best friend is gay.,gay,500,8,0.6594400582133177,1,gay,0.6594400582133177,,,,0.06420299261168719,,,,,,,-0.09361585150976777,,,-0.11786006856438992,0.004958685725423924,,,,,,
My best friend is gay.,gay,500,9,0.6615445095439886,1,gay,0.6615445095439886,,,,0.06902233279527882,,,,,,,-0.08358719215809149,,,-0.11386854511800028,0.007542270875699133,,,,,,
My best friend is gay.,gay,5000,0,0.668346777298462,1,gay,0.668346777298462,,,,0.06979266208114308,,,,,,,-0.0969526472384166,,,-0.12186188001792121,0.01565887308781876,,,,,,
My best friend is gay.,gay,5000,1,0.6655290675523159,1,gay,0.6655290675523159,,,,0.07278680639655222,,,,,,,-0.09848684901171455,,,-0.12243154156232217,0.01423105338553328,,,,,,
My best friend is gay.,gay,5000,2,0.6727192017999424,1,gay,0.6727192017999424,,,,0.07448904472800214,,,,,,,-0.09266234029933726,,,-0.11991632596701786,0.014311647761155195,,,,,,
My best friend is gay.,gay,5000,3,0.6761703816321264,1,gay,0.6761703816321264,,,,0.07461269703521341,,,,,,,-0.08983020940893485,,,-0.12214211224997462,0.01940597403509445,,,,,,
My best friend is gay.,gay,5000,4,0.665996522583645,1,gay,0.665996522583645,,,,0.07612501472308786,,,,,,,-0.0989722862321913,,,-0.12387589716445324,0.016761138013488813,,,,,,
My best friend is gay.,gay,5000,5,0.6705828725920119,1,gay,0.6705828725920119,,,,0.07824645502280311,,,,,,,-0.09689128260371833,,,-0.12513724798150355,0.01832295987875092,,,,,,
My best friend is gay.,gay,5000,6,0.6760006865235603,1,gay,0.6760006865235603,,,,0.0765688118052684,,,,,,,-0.08957731226722292,,,-0.12230256027744747,0.019251639390559648,,,,,,
My best friend is gay.,gay,5000,7,0.6679342101094418,1,gay,0.6679342101094418,,,,0.07502125437784482,,,,,,,-0.09623359480028265,,,-0.12494929499099569,0.014258334498176711,,,,,,
My best friend is gay.,gay,5000,8,0.6677471150059526,1,gay,0.6677471150059526,,,,0.06697859302159619,,,,,,,-0.0986082447756944,,,-0.12034495214009404,0.011912687956134418,,,,,,
My best friend is gay.,gay,5000,9,0.671592957755349,1,gay,0.671592957755349,,,,0.0777044374455537,,,,,,,-0.0973164745367506,,,-0.12249194789272609,0.016685156516974078,,,,,,
Our new gay classmate joined the team.,gay,500,0,0.4508867063972314,1,gay,0.4508867063972314,,,,,,,,,,,,,,,,-0.1297616027346778,-0.12439195827442422,-0.02788351604981318,-0.027084108706604167,0.013672273848312698,-0.009781885079166204
Our new gay classmate joined the team.,gay,500,1,0.4672965703489004,1,gay,0.4672965703489004,,,,,,,,,,,,,,,,-0.1222611657324325,-0.14487574482216478,-0.023025944812549097,-0.026810715587244217,-0.0045161397020403475,-0.009586254438055553
Our new gay classmate joined the team.,gay,500,2,0.47423609857574345,1,gay,0.47423609857574345,,,,,,,,,,,,,,,,-0.12890310814848405,-0.13207251336137957,-0.03792852133458573,-0.023714116592309747,0.011271101315183156,-0.014010893518825585
Our new gay classmate joined the team.,gay,500,3,0.46453528258622223,1,gay,0.46453528258622223,,,,,,,,,,,,,,,,-0.11551569238857426,-0.12176652499030258,-0.018352373527310426,-0.026053284227713264,0.011800037502688756,-0.017200255696858586
Our new gay classmate joined the team.,gay,500,4,0.47378443613727,1,gay,0.47378443613727,,,,,,,,,,,,,,,,-0.12601615417867829,-0.13258940370424863,-0.02675919801730079,-0.028522435595923545,0.01169128780171139,-0.022676681714087907
Our new gay classmate joined the team.,gay,500,5,0.45997393919666457,1,gay,0.45997393919666457,,,,,,,,,,,,,,,,-0.12428087168038693,-0.12559115040396968,-0.02656832892984211,-0.03526551300929264,0.019646663826039988,-0.014586811550182105
Our new gay classmate joined the team.,gay,500,6,0.47267573961386977,1,gay,0.47267573961386977,,,,,,,,,,,,,,,,-0.12829958674406775,-0.12258921025598646,-0.03332282473106458,-0.03276385234594012,0.03182685405110639,-0.01998406812240905
Our new gay classmate joined the team.,gay,500,7,0.47924263739397627,1,gay,0.47924263739397627,,,,,,,,,,,,,,,,-0.12366595746539893,-0.12450595522156754,-0.03858150057793862,-0.021884340223801174,0.017428360356278805,-0.00420992477579825
Our new gay classmate joined the team.,gay,500,8,0.4704156732388379,1,gay,0.4704156732388379,,,,,,,,,,,,,,,,-0.12261777014984616,-0.1297638197302876,-0.035690226157001015,-0.036278923718059124,0.010374003926364011,-0.00948458348732023
Our new gay classmate joined the team.,gay,500,9,0.4609778762450563,1,gay,0.4609778762450563,,,,,,,,,,,,,,,,-0.12287572305239086,-0.13428754244293117,-0.032393592154722234,-0.033497342586003225,0.016532059380484167,-0.020125608408382664
Our new gay classmate joined the team.,gay,5000,0,0.47495737100882385,1,gay,0.47495737100882385,,,,,,,,,,,,,,,,-0.12062376834048691,-0.13473784056929655,-0.019616995198515993,-0.02687587753693024,0.013646955497428916,-0.01411930605311464
Our new gay classmate joined the team.,gay,5000,1,0.4731936176906437,1,gay,0.4731936176906437,,,,,,,,,,,,,,,,-0.11859469342849842,-0.13236742350491296,-0.021775427546540115,-0.026646488285348453,0.017520580575859753,-0.021886140013927077
Our new gay classmate joined the team.,gay,5000,2,0.4785803464363224,1,gay,0.4785803464363224,,,,,,,,,,,,,,,,-0.11900222094164294,-0.1306163359167608,-0.026101267240411462,-0.028301969606675862,0.013554367266737853,-0.018548922745603588
Our new gay classmate joined the team.,gay,5000,3,0.47238885041915335,1,gay,0.47238885041915335,,,,,,,,,,,,,,,,-0.12127164778051445,-0.12886765205272402,-0.028541336242982253,-0.03170922865530838,0.018417902462019613,-0.016172882110038533
Our new gay classmate joined the team.,gay,5000,4,0.47249006243681746,1,gay,0.47249006243681746,,,,,,,,,,,,,,,,-0.12844521376673745,-0.13486081205869985,-0.026031738410951112,-0.021440428458469163,0.01627715923031543,-0.019058157526717603
Our new gay classmate joined the team.,gay,5000,5,0.4709582661795502,1,gay,0.4709582661795502,,,,,,,,,,,,,,,,-0.11871596918486246,-0.13648368226620228,-0.023779799103921834,-0.022524325699068447,0.015705506676045342,-0.013999253774998523
Our new gay classmate joined the team.,gay,5000,6,0.47274429362881926,1,gay,0.47274429362881926,,,,,,,,,,,,,,,,-0.12289255809916814,-0.1302033871978597,-0.023631243054255634,-0.02726420564636563,0.01416060465956811,-0.014782747701972661
Our new gay classmate joined the team.,gay,5000,7,0.4704057813725749,1,gay,0.4704057813725749,,,,,,,,,,,,,,,,-0.12517393508332925,-0.13126433220394962,-0.02904966833226119,-0.029225953656734683,0.017282055662557083,-0.02025626793640002
Our new gay classmate joined the team.,gay,5000,8,0.47554045248033694,1,gay,0.47554045248033694,,,,,,,,,,,,,,,,-0.12357419658650971,-0.13416497665131072,-0.023233747567147304,-0.022747354354367793,0.015891143357213186,-0.023753239922171508
Our new gay classmate joined the team.,gay,5000,9,0.47870385542602806,1,gay,0.47870385542602806,,,,,,,,,,,,,,,,-0.12254909045763135,-0.13669595474836552,-0.01906005331578425,-0.03192358947075462,0.01666488076145294,-0.019383722976066255
