,rho,top1_agree,top3_overlap,identity_top_in_both
89,1.0,True,1.0,True
22,0.8571428571428573,True,1.0,True
146,0.6571428571428573,True,0.6666666666666666,True
98,0.6,True,0.6666666666666666,True
96,0.19999999999999998,True,0.3333333333333333,True
39,0.9999999999999999,True,1.0,True
80,0.8571428571428573,True,0.6666666666666666,True
177,0.8928571428571429,True,1.0,True
84,0.7500000000000002,False,0.6666666666666666,False
102,0.7,True,0.6666666666666666,True
138,0.7142857142857143,False,0.6666666666666666,False
12,0.7999999999999999,True,1.0,True
44,0.9999999999999999,True,1.0,True
9,0.8999999999999998,True,0.6666666666666666,False
23,0.5357142857142858,True,0.6666666666666666,False
68,0.9999999999999999,True,1.0,True
128,0.9642857142857145,True,1.0,False
85,0.9285714285714288,False,1.0,False
67,0.9999999999999999,True,1.0,True
164,0.880952380952381,True,0.6666666666666666,True
33,0.8928571428571429,True,0.6666666666666666,False
159,0.5476190476190477,True,0.6666666666666666,True
30,0.9642857142857145,True,1.0,True
160,0.8571428571428572,False,1.0,False
163,0.8095238095238096,True,0.6666666666666666,True
181,0.9642857142857145,True,1.0,True
136,0.8285714285714287,True,0.6666666666666666,True
179,0.8928571428571429,True,0.6666666666666666,True
57,0.9999999999999999,True,1.0,True
38,0.8999999999999998,True,1.0,True
26,0.642857142857143,True,0.6666666666666666,True
19,0.9642857142857145,True,0.6666666666666666,True
81,0.7857142857142859,False,0.6666666666666666,False
11,0.9999999999999999,True,1.0,True
50,0.8999999999999998,True,1.0,True
182,0.9285714285714288,True,1.0,True
63,0.7,True,0.6666666666666666,True
31,1.0,True,1.0,True
4,0.9999999999999999,True,1.0,True
40,0.9999999999999999,True,1.0,True
