term,gap_original,gap_unbiased,phi_share_original,phi_share_unbiased,gap_reduction_%
asian,0.0015514832106418909,0.0025969544767576735,0.20689411859855542,0.4494353613081709,-67.38527745222862
black,0.21603102615335956,0.25786671977184594,0.5671635475992224,0.7819538449494045,-19.365595008925894
blind,0.18854486166965218,0.033269369717891094,0.5778707565302519,0.27652332653951184,82.35466645801142
christian,0.0005298939067870378,0.017535377886815695,0.17662174775442574,0.6891019491239021,-3209.2242923002873
deaf,0.23070625063264744,0.07164866024322691,0.6303383162570141,0.6908594541321698,68.94377155072718
disabled,0.13741589087294415,0.05768684219729039,0.5830329636046571,0.3070270401425295,58.020253821569945
gay,0.45122309621656315,0.3521486584439117,0.6919243840429873,0.7684860615998581,21.956863157798335
immigrant,0.0002869408985134214,0.0011599298210057895,0.08121184779918188,0.46200077121602307,-304.23997659975777
jewish,0.006837566720787436,0.04388019650868955,0.4283523010737292,0.6953794877516188,-541.7516391508963
lesbian,0.2014581162133254,0.19869802113316837,0.6374319471359771,0.7484813963742549,1.370059013772551
muslim,0.01650667331414297,0.03478849645398441,0.4965778065841556,0.7189999868470227,-110.75413435472497
poor,0.08060260239290074,0.10166729577977093,0.5560670947944881,0.6628097170211256,-26.134011510186085
rural,-0.000121811410645023,-0.0005896045309782494,0.32234019451588675,0.21146456614583142,-384.03062394248667
transgender,0.27974714633310216,0.3176658097996551,0.6608758729144423,0.7812333387131483,-13.554620293213704
white,0.03376165939844213,0.07876575406335178,0.2306337446120789,0.753588344857044,-133.29941557015493
